{
    "duration_sec": 60,
    "probabilities": {
        "2-1": 0.06117144403046305,
        "2-7": 0.9388285559695367,
        "9-9": 0.3333333333333333,
        "4-5": 1.0,
        "1-8": 0.39999999999999997,
        "5-7": 1.0,
        "1-4": 0.6,
        "9-7": 0.6666666666666666,
        "7-2": 1.0,
        "8-9": 1.0
    }
}