{
    "duration_sec": 60,
    "probabilities": {
        "1-8": 0.3333333333333333,
        "9-7": 0.25,
        "7-2": 1.0,
        "9-9": 0.08333333333333333,
        "2-7": 0.9097222222222223,
        "8-9": 0.3333333333333333,
        "2-1": 0.09027777777777778,
        "1-4": 0.16666666666666666,
        "5-7": 0.16666666666666666,
        "4-5": 0.16666666666666666
    }
}