{
    "duration_sec": 60,
    "probabilities": {
        "2-7": 0.9375,
        "9-7": 0.08333333333333333,
        "8-9": 0.16666666666666666,
        "7-2": 1.0,
        "9-9": 0.08333333333333333,
        "1-8": 0.16666666666666666,
        "5-7": 0.16666666666666666,
        "2-1": 0.0625,
        "1-4": 0.16666666666666666,
        "4-5": 0.16666666666666666
    }
}