{
    "duration_sec": 60,
    "probabilities": {
        "1-8": 0.16666666666666666,
        "9-7": 0.16666666666666666,
        "7-2": 1.0,
        "8-9": 0.16666666666666666,
        "2-1": 0.027777777777777776,
        "2-7": 0.9722222222222223
    }
}