{
    "duration_sec": 60,
    "probabilities": {
        "8-9": 0.3333333333333333,
        "9-7": 0.3333333333333333,
        "2-7": 0.9722222222222223,
        "7-2": 1.0,
        "1-8": 0.3333333333333333,
        "2-1": 0.027777777777777776,
        "4-5": 0.16666666666666666,
        "5-7": 0.16666666666666666,
        "1-4": 0.16666666666666666
    }
}