{
    "duration_sec": 60,
    "probabilities": {
        "3-1": 1.0,
        "8-9": 1.0,
        "9-7": 0.75,
        "1-8": 1.0,
        "7-2": 1.0,
        "2-7": 0.9523809523809524,
        "4-4": 1.0,
        "9-9": 0.25,
        "2-1": 0.047619047619047616
    }
}