{
    "duration_sec": 60,
    "probabilities": {
        "1-4": 0.7222222222222222,
        "9-7": 1.0,
        "5-7": 1.0,
        "2-7": 0.9410341014160492,
        "4-5": 1.0,
        "2-1": 0.058965898583950876,
        "1-7": 0.11111111111111112,
        "1-8": 0.16666666666666666,
        "8-9": 1.0,
        "7-2": 1.0
    }
}