{
    "duration_sec": 60,
    "probabilities": {
        "5-7": 0.5381777134492676,
        "1-8": 0.0007126841963806343,
        "3-1": 1.0,
        "8-9": 1.0,
        "2-7": 0.9599006061355136,
        "4-5": 1.0,
        "1-4": 0.9992873158036192,
        "9-7": 1.0,
        "5-5": 0.46182228655073243,
        "2-1": 0.04009939386448629,
        "7-2": 1.0
    }
}