{
    "duration_sec": 60,
    "probabilities": {
        "2-1": 0.013501930774328043,
        "8-9": 1.0,
        "4-5": 1.0,
        "3-1": 1.0,
        "1-4": 0.9992968272179357,
        "2-7": 0.9864980692256718,
        "1-8": 0.0007031727820643926,
        "5-7": 0.536670794207394,
        "9-9": 0.25,
        "9-7": 0.75,
        "7-2": 1.0,
        "5-5": 0.46332920579260595
    }
}