{
    "reference": {
        "1-4": 0.048148,
        "1-7": 0.140897,
        "1-8": 0.835029,
        "10-7": 0.777778,
        "2-1": 0.058135,
        "2-7": 0.951554,
        "3-1": 1.000000,
        "4-5": 0.250000,
        "4-7": 0.166667,
        "5-7": 0.250000,
        "7-2": 1.000000,
        "8-9": 1.000000,
        "9-7": 0.974967,
        "9-9": 0.030040
    },
    "max_normal_kl": 0.002246272126904965,
    "mean_normal_kl": 0.0011262878147845175,
    "std_normal_kl": 0.0007976476392028288,
    "min_attack_kl": 2.442156272773228,
    "threshold_max_margin": 0.05224627212690497,
    "threshold_mean_3sigma": 0.003519230732393004,
    "used_threshold": 0.05224627212690497,
    "used_threshold2": 0.003519230732393004,
    "epsilon": 1e-06,
    "method": "KL divergence with 3\u03c3 rule",
    "description": "Statistical baseline profile for TCP state transition"
}