{
    "duration_sec": 60,
    "probabilities": {
        "8-7": 0.0044100808409479565,
        "10-7": 1.0,
        "4-7": 0.1183982683982684,
        "9-7": 0.9911798383181041,
        "5-7": 1.0,
        "2-7": 0.976547314102938,
        "1-7": 0.11978915801713552,
        "1-4": 0.032727868576940475,
        "9-9": 0.008820161681895913,
        "8-9": 0.9955899191590522,
        "1-8": 0.847482973405924,
        "2-1": 0.023452685897061898,
        "7-2": 1.0,
        "3-1": 1.0,
        "4-5": 0.8816017316017315
    }
}