{
  "2->1": 0.03341288782816229,
  "4->7": 0.17647058823529413,
  "9->7": 0.9971671388101983,
  "5->7": 1.0,
  "7->2": 1.0,
  "1->8": 0.7928730512249443,
  "8->7": 0.014005602240896359,
  "2->7": 0.9665871121718377,
  "4->5": 0.8235294117647058,
  "10->7": 1.0,
  "8->9": 0.9859943977591037,
  "9->9": 0.0028328611898017,
  "3->1": 1.0,
  "1->4": 0.0757238307349666,
  "1->7": 0.13140311804008908
}