{
    "duration_sec": 60,
    "probabilities": {
        "2-1": 0.043296213268003654,
        "2-7": 0.9567037867319964,
        "7-2": 1.0,
        "4-5": 0.7598039215686274,
        "1-4": 0.051844553815075245,
        "4-7": 0.12009803921568629,
        "9-7": 0.9959648317063722,
        "5-7": 1.0,
        "3-1": 1.0,
        "1-7": 0.17366200754014996,
        "4-11": 0.12009803921568629,
        "10-7": 1.0,
        "8-7": 0.008037879240078746,
        "9-9": 0.0040351682936279444,
        "8-9": 0.9919621207599212,
        "1-8": 0.7744934386447747,
        "11-7": 1.0
    }
}