{
    "duration_sec": 60,
    "probabilities": {
        "4-7": 0.3055555555555556,
        "11-7": 1.0,
        "8-7": 0.004815135213162049,
        "1-4": 0.03910534917312578,
        "5-7": 1.0,
        "2-1": 0.008057812582967238,
        "10-7": 1.0,
        "2-7": 0.9919421874170328,
        "9-9": 0.004815135213162049,
        "4-11": 0.10185185185185185,
        "8-9": 0.9951848647868379,
        "3-1": 1.0,
        "9-7": 0.9951848647868379,
        "4-5": 0.5925925925925927,
        "1-8": 0.8264084705071225,
        "7-2": 1.0,
        "1-7": 0.13448618031975157
    }
}