{
    "duration_sec": 60,
    "probabilities": {
        "7-2": 1.0,
        "5-7": 1.0,
        "8-7": 0.004063311898394651,
        "1-4": 0.044339455917651864,
        "8-9": 0.9959366881016054,
        "10-7": 1.0,
        "4-11": 0.07692307692307693,
        "2-7": 0.9740435004956572,
        "4-5": 0.6923076923076924,
        "9-7": 1.0,
        "2-1": 0.025956499504342773,
        "1-8": 0.8393484371200972,
        "1-7": 0.11631210696225092,
        "11-7": 1.0,
        "3-1": 1.0,
        "4-7": 0.2307692307692308
    }
}