{
    "duration_sec": 60,
    "probabilities": {
        "5-7": 1.0,
        "9-9": 0.39999999999999997,
        "1-8": 0.3,
        "1-4": 0.7000000000000001,
        "2-7": 0.9637398433766475,
        "8-9": 1.0,
        "4-5": 1.0,
        "9-7": 0.6,
        "2-1": 0.03626015662335257,
        "7-2": 1.0
    }
}