{
    "duration_sec": 60,
    "probabilities": {
        "4-5": 0.9182539682539682,
        "8-9": 0.9955250205552516,
        "1-8": 0.8002601552629218,
        "7-2": 1.0,
        "10-7": 1.0,
        "1-7": 0.1490344907098835,
        "5-7": 1.0,
        "3-1": 1.0,
        "2-1": 0.04461457149475903,
        "2-7": 0.9553854285052411,
        "4-7": 0.08174603174603173,
        "1-4": 0.05070535402719456,
        "8-7": 0.004474979444748355,
        "9-7": 1.0
    }
}