{
    "duration_sec": 60,
    "probabilities": {
        "7-2": 1.0,
        "3-1": 1.0,
        "4-5": 1.0,
        "1-8": 0.0005510792257913184,
        "5-5": 0.46847326188476307,
        "9-9": 0.3055555555555555,
        "5-7": 0.531526738115237,
        "2-1": 0.053943649905187484,
        "1-4": 0.9994489207742087,
        "9-7": 0.6944444444444443,
        "8-9": 1.0,
        "2-7": 0.9460563500948126
    }
}