{
    "duration_sec": 60,
    "probabilities": {
        "1-4": 0.9350889121284923,
        "2-7": 0.9742155926974595,
        "8-7": 0.00751978917532007,
        "4-7": 0.00022194247151060466,
        "1-8": 0.055200750783359814,
        "9-7": 0.9962115956758182,
        "2-1": 0.02578440730254043,
        "3-1": 1.0,
        "4-5": 0.9997780575284895,
        "5-5": 0.46720260836229915,
        "10-7": 1.0,
        "1-7": 0.009710337088147851,
        "5-7": 0.5327973916377008,
        "9-9": 0.0037884043241818194,
        "7-2": 1.0,
        "8-9": 0.9924802108246799
    }
}