{
    "duration_sec": 60,
    "probabilities": {
        "7-2": 1.0,
        "1-4": 0.5925925925925927,
        "2-7": 0.9593641474325509,
        "1-7": 0.10185185185185185,
        "2-1": 0.04063585256744895,
        "1-8": 0.3055555555555556,
        "4-5": 1.0,
        "9-7": 1.0,
        "5-7": 1.0,
        "8-9": 1.0
    }
}