{
    "duration_sec": 60,
    "probabilities": {
        "2-1": 0.05430029925997668,
        "9-9": 0.42857142857142855,
        "1-8": 1.0,
        "9-7": 0.5714285714285713,
        "2-7": 0.9456997007400233,
        "7-2": 1.0,
        "3-1": 1.0,
        "8-9": 1.0
    }
}