{
    "duration_sec": 60,
    "probabilities": {
        "9-7": 0.538375350140056,
        "7-2": 1.0,
        "1-4": 0.9405888320246532,
        "5-7": 1.0,
        "1-8": 0.059411167975346825,
        "9-9": 0.46162464985994395,
        "8-7": 0.4106182795698925,
        "3-1": 1.0,
        "4-5": 1.0,
        "8-9": 0.5893817204301075,
        "2-7": 0.9849341745167516,
        "2-1": 0.01506582548324835
    }
}