{
    "duration_sec": 60,
    "probabilities": {
        "3-1": 1.0,
        "9-7": 0.9959459315023427,
        "8-9": 0.9879357438513638,
        "1-4": 0.07954893043789774,
        "4-5": 0.84,
        "1-7": 0.12916293890133917,
        "7-2": 1.0,
        "10-7": 1.0,
        "1-8": 0.7912881306607632,
        "8-7": 0.012064256148636198,
        "9-9": 0.004054068497657158,
        "2-1": 0.044789154460354336,
        "5-7": 1.0,
        "4-7": 0.16,
        "2-7": 0.9552108455396456
    }
}