{
    "probabilities": {
        "1-4": 0.04814814814814814,
        "1-7": 0.14089706589706588,
        "1-8": 0.8350288600288601,
        "10-7": 0.7777777777777777,
        "2-1": 0.05813492063492063,
        "2-7": 0.9515542328042329,
        "3-1": 1.0,
        "4-5": 0.25,
        "4-7": 0.16666666666666666,
        "5-7": 0.25,
        "7-2": 1.0,
        "8-9": 1.0,
        "9-7": 0.9749669312169312,
        "9-9": 0.030039682539682543
    },
    "max_normal_js": 0.015712159748951755,
    "mean_normal_js": 0.011290316631527074,
    "std_normal_js": 0.0033905805604355715,
    "min_attack_js": 0.10726574459763226,
    "threshold_max_margin": 0.06571215974895175,
    "threshold_mean_3sigma": 0.021462058312833786,
    "used_threshold": 0.06571215974895175,
    "used_threshold2": 0.021462058312833786,
    "epsilon": 1e-06,
    "method": "JS divergence with 3\u03c3 rule",
    "description": "Statistical baseline profile for TCP state transition"
}