{
    "duration_sec": 60,
    "probabilities": {
        "9-9": 0.08333333333333333,
        "2-7": 1.0,
        "7-2": 1.0,
        "9-7": 0.08333333333333333,
        "8-9": 0.16666666666666666,
        "1-8": 0.16666666666666666
    }
}