{
    "duration_sec": 60,
    "probabilities": {
        "1-8": 0.16666666666666666,
        "7-2": 1.0,
        "8-9": 0.16666666666666666,
        "9-7": 0.08333333333333333,
        "2-7": 0.9523809523809524,
        "2-1": 0.047619047619047616,
        "9-9": 0.08333333333333333
    }
}