{
    "reference": {
        "1-4": 0.06306047671154492,
        "1-7": 0.12891324215424368,
        "1-8": 0.8080262811342114,
        "10-7": 1.0,
        "2-1": 0.03606200343256521,
        "2-7": 0.9639379965674347,
        "3-1": 1.0,
        "4-5": 0.8669227994227993,
        "4-7": 0.1330772005772006,
        "5-7": 1.0,
        "7-2": 1.0,
        "8-7": 0.010752277160278963,
        "8-9": 0.9892477228397212,
        "9-7": 0.9943776031193746,
        "9-9": 0.005622396880625259
    },
    "max_normal_kl": 0.002246272126904965,
    "mean_normal_kl": 0.0011262878147845175,
    "std_normal_kl": 0.0007976476392028288,
    "min_attack_kl": 2.442156272773228,
    "threshold_max_margin": 0.05224627212690497,
    "threshold_mean_3sigma": 0.003519230732393004,
    "used_threshold": 0.05224627212690497,
    "used_threshold2": 0.003519230732393004,
    "epsilon": 1e-06,
    "method": "KL divergence with 3\u03c3 rule",
    "description": "Statistical baseline profile for TCP state transition"
}