{
    "duration_sec": 60,
    "probabilities": {
        "2-1": 0.07295362818910721,
        "3-1": 1.0,
        "5-7": 0.5454569888396451,
        "1-8": 0.05513828945662972,
        "9-7": 1.0,
        "4-5": 0.9989724187637791,
        "1-7": 0.010661967049012323,
        "10-7": 1.0,
        "7-2": 1.0,
        "1-4": 0.934199743494358,
        "11-7": 1.0,
        "2-7": 0.9270463718108927,
        "5-5": 0.45454301116035495,
        "4-11": 0.0004952720995919665,
        "4-7": 0.0005323091366290035,
        "8-9": 1.0
    }
}