{
    "duration_sec": 60,
    "probabilities": {
        "2-1": 0.065218347129,
        "3-1": 1.0,
        "5-7": 0.558165287018,
        "1-8": 0.057389102843,
        "9-7": 0.999683947826,
        "4-5": 0.997283947826,
        "1-7": 0.011834712982,
        "10-7": 1.0,
        "7-2": 1.0,
        "1-4": 0.930610897157,
        "11-7": 1.0,
        "2-7": 0.934781652871,
        "5-5": 0.441834712982,
        "4-11": 0.000521834712,
        "4-7": 0.001195652174,
        "8-9": 0.998716052174
    }
}