{
    "duration_sec": 60,
    "probabilities": {
        "5-7": 0.521834712982,
        "9-7": 0.997283947826,
        "2-7": 0.945672819375,
        "5-5": 0.478165287018,
        "9-9": 0.002716052174,
        "10-7": 1.0,
        "1-4": 0.942389102843,
        "1-7": 0.008912746521,
        "4-7": 0.001283947826,
        "3-1": 1.0,
        "2-1": 0.054327180625,
        "4-5": 0.998716052174,
        "8-7": 0.002716052174,
        "7-2": 1.0,
        "8-9": 0.997283947826,
        "1-8": 0.048698150636
    }
}