{
    "duration_sec": 60,
    "probabilities": {
        "5-7": 0.535291574793039,
        "9-7": 0.9960579752452904,
        "2-7": 0.9594095491537661,
        "5-5": 0.46470842520696093,
        "9-9": 0.003942024754709574,
        "10-7": 1.0,
        "1-4": 0.9385788927063956,
        "1-7": 0.009248429207668751,
        "4-7": 0.0010957306075443114,
        "3-1": 1.0,
        "2-1": 0.04059045084623387,
        "4-5": 0.9989042693924556,
        "8-7": 0.003942024754709574,
        "7-2": 1.0,
        "8-9": 0.9960579752452904,
        "1-8": 0.05217267808593553
    }
}