{
    "duration_sec": 60,
    "probabilities": {
        "1-4": 0.928471625394,
        "2-7": 0.963842719826,
        "8-7": 0.006183947826,
        "4-7": 0.000316052174,
        "1-8": 0.061345287018,
        "9-7": 0.998716052174,
        "2-1": 0.036157280174,
        "3-1": 1.0,
        "4-5": 0.999683947826,
        "5-5": 0.491834712982,
        "10-7": 1.0,
        "1-7": 0.010183947826,
        "5-7": 0.508165287018,
        "9-9": 0.001283947826,
        "7-2": 1.0,
        "8-9": 0.993816052174
    }
}