{
    "duration_sec": 60,
    "probabilities": {
        "1-7": 0.1377876295442564,
        "8-9": 0.9842175055087473,
        "9-7": 0.9960070395376772,
        "1-8": 0.785307739335947,
        "9-9": 0.003992960462322707,
        "5-7": 1.0,
        "2-7": 0.9600558300597206,
        "7-2": 1.0,
        "4-7": 0.12083333333333333,
        "1-4": 0.07690463111979658,
        "10-7": 1.0,
        "3-1": 1.0,
        "8-7": 0.015782494491252737,
        "4-5": 0.8791666666666665,
        "2-1": 0.03994416994027939
    }
}