{
    "duration_sec": 60,
    "probabilities": {
        "4-11": 0.04413702239789197,
        "10-7": 1.0,
        "9-7": 1.0,
        "7-2": 1.0,
        "2-7": 0.9503736553632921,
        "4-5": 0.7793148880105402,
        "11-7": 1.0,
        "1-8": 0.7570890702087648,
        "1-7": 0.17168697363464072,
        "1-4": 0.07122395615659431,
        "3-1": 1.0,
        "5-7": 1.0,
        "4-7": 0.17654808959156787,
        "8-9": 1.0,
        "2-1": 0.04962634463670779
    }
}