{
    "duration_sec": 60,
    "probabilities": {
        "9-9": 0.03333333333333333,
        "8-9": 1.0,
        "2-1": 0.05555555555555555,
        "1-7": 0.15,
        "1-8": 0.85,
        "7-2": 1.0,
        "10-7": 0.8333333333333334,
        "3-1": 1.0,
        "2-7": 0.9444444444444445,
        "9-7": 0.9666666666666667
    }
}