{
    "duration_sec": 60,
    "probabilities": {
        "2-1": 0.07638888888888888,
        "2-7": 0.9236111111111112,
        "8-9": 1.0,
        "9-7": 0.9833333333333334,
        "10-7": 0.6666666666666666,
        "3-1": 1.0,
        "1-8": 0.7744588744588746,
        "9-9": 0.016666666666666666,
        "1-7": 0.1922077922077922,
        "7-2": 1.0,
        "4-5": 0.16666666666666666,
        "5-7": 0.16666666666666666,
        "1-4": 0.03333333333333333
    }
}