{
    "duration_sec": 60,
    "probabilities": {
        "1-8": 0.8039682539682539,
        "8-9": 1.0,
        "2-7": 0.9722222222222223,
        "4-5": 0.3333333333333333,
        "5-7": 0.3333333333333333,
        "3-1": 1.0,
        "7-2": 1.0,
        "9-7": 1.0,
        "2-1": 0.027777777777777776,
        "10-7": 1.0,
        "1-4": 0.08333333333333333,
        "1-7": 0.1126984126984127
    }
}