{
    "duration_sec": 60,
    "probabilities": {
        "10-7": 0.6666666666666666,
        "9-9": 0.020833333333333332,
        "1-8": 0.8785714285714286,
        "7-2": 1.0,
        "8-9": 1.0,
        "3-1": 1.0,
        "2-7": 1.0,
        "1-7": 0.12142857142857143,
        "9-7": 0.9791666666666666
    }
}