{
    "duration_sec": 60,
    "probabilities": {
        "9-7": 0.9484126984126985,
        "1-7": 0.15476190476190474,
        "1-8": 0.8174603174603176,
        "9-9": 0.05158730158730159,
        "2-1": 0.07539682539682539,
        "10-7": 0.6666666666666666,
        "3-1": 1.0,
        "8-9": 1.0,
        "7-2": 1.0,
        "2-7": 0.9246031746031745,
        "1-4": 0.027777777777777776,
        "4-7": 0.16666666666666666
    }
}