{
    "duration_sec": 60,
    "probabilities": {
        "1-7": 0.11428571428571428,
        "2-7": 0.9444444444444445,
        "3-1": 1.0,
        "2-1": 0.05555555555555555,
        "1-8": 0.8857142857142858,
        "9-7": 0.9722222222222223,
        "7-2": 1.0,
        "9-9": 0.027777777777777776,
        "8-9": 1.0,
        "10-7": 0.8333333333333334
    }
}